﻿Designator,Quantity,Value,Footprint,Package,MPN,DNP,Mount_Type,Description,LCSC,LCSC Part
"C1, C2, C3",3,10uF,C_0402_1005Metric,,,,smt,Unpolarized capacitor,C15525,
"C10, C11",2,18pF,C_0402_1005Metric,,,,smt,Unpolarized capacitor,C1549,
"C12, C13, C14, C15, C16, C24, C6, C9",8,100nF,C_0402_1005Metric,,,,smt,Unpolarized capacitor,C1525,
C17,1,1uF,C_0402_1005Metric,,,,smt,Unpolarized capacitor,C52923,
C4,1,4.7uF,C_0402_1005Metric,,,,smt,Unpolarized capacitor,C23733,
C5,1,10nF,C_0402_1005Metric,,,,smt,Unpolarized capacitor,,
"D1, D2, D3",3,LED,LED_0603_1608Metric,,,,smt,Light emitting diode,"[D1]C2290; [D2,D3]C2286",
J6,1,Conn_01x03_Pin,PinHeader_1x03_P2.54mm_Vertical,,,,tht,"Generic connector, single row, 01x03, script generated",,
L1,1,DFE201612E-2R2M=P2,L0806,,,,smt,,,C337893
L7,1,10nH,L_0603_1608Metric,,,,smt,Inductor,C913709,
R1,1,100k,R_0603_1608Metric,,,,smt,Resistor,C25803,
"R10, R2, R9",3,10K,R_0603_1608Metric,,,,smt,Resistor,C25804,
"R11, R4, R5",3,1K,R_0603_1608Metric,,,,smt,Resistor,C21190,
R3,1,36k5,R_0603_1608Metric,,,,smt,Resistor,C23029,
"SW1, SW2",2,TS-1187A-B-A-B,SW-SMD_4P-L5.1-W5.1-P3.70-LS6.5-TL_H1.5,,,,smt,,,C318884
U1,1,AHT20-F,SENSOR-SMD-6_AHT20,,,,smt,,,C3012622
U2,1,TPS63900DSKR,WSON-10_L2.5-W2.5-W0.50-TL-EP,,,,smt,,,C1518762
U3,1,ICM-42688-P,LGA-14_L3.0-W2.5-P0.50-TL,,,,smt,,,C1850418
U4,1,GZP6816D,SENSOR-SMD_XGZP6816D,,,,smt,,,C3038127
U7,1,TLV493DA1B6HTSA2,SOP-6_L3.0-W1.5-P0.95-LS2.5-BR,,,,smt,,,C126688
U9,1,STM32F411RET6,LQFP-64_L10.0-W10.0-P0.50-LS12.0-BL,,,,smt,,,C94355
X1,1,XL2EL89COI-111YLC-26M,CRYSTAL-SMD_4P-L3.2-W2.5-BL_SIT8008BI,,,,smt,,,C5444607
