﻿pos_x,pos_y,rotation,side,designator,mpn,pack,footprint,value,mount_type
143.119001,-75.124999,90.0,top,C1,,,C_0402_1005Metric,10uF,smt
136.909,-103.9,-90.0,top,C10,,,C_0402_1005Metric,18pF,smt
130.834,-105.1,0.0,top,C11,,,C_0402_1005Metric,18pF,smt
130.709,-100.675,-90.0,top,C12,,,C_0402_1005Metric,100nF,smt
144.459,-95.925,-45.0,top,C13,,,C_0402_1005Metric,100nF,smt
143.109,-88.025,0.0,top,C14,,,C_0402_1005Metric,100nF,smt
131.909,-84.95,0.0,top,C15,,,C_0402_1005Metric,100nF,smt
127.159,-96.1,90.0,top,C16,,,C_0402_1005Metric,100nF,smt
142.959,-84.35,180.0,top,C17,,,C_0402_1005Metric,1uF,smt
143.669,-79.925,180.0,top,C2,,,C_0402_1005Metric,10uF,smt
137.284,-100.65,180.0,top,C24,,,C_0402_1005Metric,100nF,smt
143.669001,-81.025,180.0,top,C3,,,C_0402_1005Metric,10uF,smt
144.309,-90.1,0.0,top,C4,,,C_0402_1005Metric,4.7uF,smt
159.059,-98.75,0.0,top,C5,,,C_0402_1005Metric,10nF,smt
167.009,-80.7,0.0,top,C6,,,C_0402_1005Metric,100nF,smt
144.034,-107.325,-90.0,top,C9,,,C_0402_1005Metric,100nF,smt
158.449,-59.812498,-90.0,top,D1,,,LED_0603_1608Metric,LED,smt
152.659,-59.9,-90.0,top,D2,,,LED_0603_1608Metric,LED,smt
155.564,-59.9,-90.0,top,D3,,,LED_0603_1608Metric,LED,smt
157.124,-77.95,0.0,top,J1,,,PinHeader_1x07_P2.54mm_Vertical,Conn_01x07_Socket,tht
164.709,-76.425,90.0,top,J10,,,PinSocket_1x04_P2.54mm_Vertical,Conn_01x04_Socket,tht
166.159,-95.125,0.0,top,J11,,,PinSocket_1x04_P2.54mm_Vertical,Conn_01x04_Socket,tht
143.159,-71.45,90.0,top,J12,,,PinHeader_1x02_P2.54mm_Vertical,Conn_01x02_Pin,tht
126.959,-99.01,0.0,top,J13,,,PinSocket_1x04_P2.54mm_Vertical,Conn_01x04_Socket,tht
136.334,-69.075,-45.0,top,J3,,,PinHeader_1x03_P2.54mm_Vertical,Conn_01x03_Pin,tht
176.348555,-69.039555,45.0,top,J4,,,PinHeader_1x03_P2.54mm_Vertical,Conn_01x03_Pin,tht
132.773555,-112.714555,45.0,top,J5,,,PinHeader_1x03_P2.54mm_Vertical,Conn_01x03_Pin,tht
179.969445,-112.739555,-45.0,top,J6,,,PinHeader_1x03_P2.54mm_Vertical,Conn_01x03_Pin,tht
152.084,-101.45,90.0,top,J7,,,PinSocket_1x04_P2.54mm_Vertical,Conn_01x04_Socket,tht
123.584,-90.95,0.0,top,J8,,,PinHeader_1x02_P2.54mm_Vertical,Conn_01x02_Pin,tht
154.584,-77.95,0.0,top,J9,,,PinHeader_1x07_P2.54mm_Vertical,Conn_01x07_Socket,tht
146.494001,-77.575,-90.0,top,L1,,,L0806,DFE201612E-2R2M=P2,smt
139.559,-102.025,0.0,top,L7,,,L_0603_1608Metric,10nH,smt
138.894001,-77.975,90.0,top,R1,,,R_0603_1608Metric,100k,smt
147.984,-91.9,0.0,top,R10,,,R_0603_1608Metric,10K,smt
158.464,-63.062498,-90.0,top,R11,,,R_0603_1608Metric,1K,smt
124.384,-86.7,0.0,top,R2,,,R_0603_1608Metric,10K,smt
140.419001,-80.975001,90.0,top,R3,,,R_0603_1608Metric,36k5,smt
152.684,-63.05,-90.0,top,R4,,,R_0603_1608Metric,1K,smt
155.584,-63.05,-90.0,top,R5,,,R_0603_1608Metric,1K,smt
147.984,-94.125,180.0,top,R9,,,R_0603_1608Metric,10K,smt
144.059,-111.25,180.0,top,SW1,,,SW-SMD_4P-L5.1-W5.1-P3.70-LS6.5-TL_H1.5,TS-1187A-B-A-B,smt
127.734,-79.975,-90.0,top,SW2,,,SW-SMD_4P-L5.1-W5.1-P3.70-LS6.5-TL_H1.5,TS-1187A-B-A-B,smt
168.509,-89.325,0.0,top,U1,,,SENSOR-SMD-6_AHT20,AHT20-F,smt
143.144,-77.65,0.0,top,U2,,,WSON-10_L2.5-W2.5-W0.50-TL-EP,TPS63900DSKR,smt
156.159,-97.475,0.0,top,U3,,,LGA-14_L3.0-W2.5-P0.50-TL,ICM-42688-P,smt
165.534,-82.475,180.0,top,U4,,,SENSOR-SMD_XGZP6816D,GZP6816D,smt
155.934,-73.0675,0.0,top,U7,,,SOP-6_L3.0-W1.5-P0.95-LS2.5-BR,TLV493DA1B6HTSA2,smt
135.484,-92.85,0.0,top,U9,,,LQFP-64_L10.0-W10.0-P0.50-LS12.0-BL,STM32F411RET6,smt
134.109,-104.25,0.0,top,X1,,,CRYSTAL-SMD_4P-L3.2-W2.5-BL_SIT8008BI,XL2EL89COI-111YLC-26M,smt
